{"is_source_file": true, "format": "JavaScript", "description": "Source file for managing UI interactions in the 'Assets, Style Guide & Image' screen of a web application, including clipboard copying, toast messages, downloading JSON, and toggling UI overlays.", "external_files": ["document", "window", "URL", "Blob"], "external_methods": ["document.createElement", "document.body.appendChild", "document.body.removeChild", "document.querySelectorAll", "document.getElementById", "URL.createObjectURL", "URL.revokeObjectURL", "JSON.stringify"], "published": [], "classes": [], "methods": [{"name": "copyToClipboard(text)", "description": "Copies the provided text to the system clipboard, with fallback for older browsers using a temporary textarea element.", "scope": "", "scopeKind": ""}, {"name": "showToast(message, kind)", "description": "Displays a temporary inline message (toast) with specified text and type.", "scope": "", "scopeKind": ""}, {"name": "getTokens()", "description": "Returns an object containing color tokens used for styling.", "scope": "", "scopeKind": ""}, {"name": "getCssVarsText()", "description": "Generates a string containing CSS variable declarations based on color tokens.", "scope": "", "scopeKind": ""}, {"name": "downloadJson(filename, obj)", "description": "Creates and triggers a download of the provided object as a JSON file.", "scope": "", "scopeKind": ""}, {"name": "wireSwatchCopy()", "description": "Attaches click event listeners to elements with 'data-hex' attribute to copy color codes to clipboard.", "scope": "", "scopeKind": ""}, {"name": "wireGenericCopy()", "description": "Attaches click event listeners to elements with 'data-copy' attribute for clipboard copying.", "scope": "", "scopeKind": ""}, {"name": "wireHeaderButtons()", "description": "Binds actions to header buttons for copying CSS variables and downloading style tokens.", "scope": "", "scopeKind": ""}, {"name": "wireGridOverlay()", "description": "Sets up toggle functionality for the grid overlay UI element.", "scope": "", "scopeKind": ""}], "calls": ["navigator.clipboard.writeText", "document.createElement", "document.body.appendChild", "document.body.removeChild", "document.querySelectorAll", "document.getElementById", "URL.createObjectURL", "URL.revokeObjectURL", "JSON.stringify", "window.setTimeout", "window.clearTimeout", "document.execCommand", "element.getAttribute", "element.addEventListener"], "search-terms": ["assets-style-guide-image", "clipboard", "toast", "CSS variables", "style tokens", "grid overlay", "download JSON"], "state": 2, "file_id": 15, "knowledge_revision": 31, "git_revision": "a7ef14b941d82c734af4607f2e32ccdf57cbb793", "ctags": [{"_type": "tag", "name": "copyToClipboard", "path": "/home/kavia/workspace/code-generation/sudoku-solver-pro-307223-307232/frontend_react/public/assets-style-guide-image.js", "pattern": "/^  async function copyToClipboard(text) {$/", "language": "JavaScript", "kind": "function", "signature": "(text)"}, {"_type": "tag", "name": "downloadJson", "path": "/home/kavia/workspace/code-generation/sudoku-solver-pro-307223-307232/frontend_react/public/assets-style-guide-image.js", "pattern": "/^  function downloadJson(filename, obj) {$/", "language": "JavaScript", "kind": "function", "signature": "(filename, obj)"}, {"_type": "tag", "name": "getCssVarsText", "path": "/home/kavia/workspace/code-generation/sudoku-solver-pro-307223-307232/frontend_react/public/assets-style-guide-image.js", "pattern": "/^  function getCssVarsText() {$/", "language": "JavaScript", "kind": "function", "signature": "()"}, {"_type": "tag", "name": "getTokens", "path": "/home/kavia/workspace/code-generation/sudoku-solver-pro-307223-307232/frontend_react/public/assets-style-guide-image.js", "pattern": "/^  function getTokens() {$/", "language": "JavaScript", "kind": "function", "signature": "()"}, {"_type": "tag", "name": "showToast", "path": "/home/kavia/workspace/code-generation/sudoku-solver-pro-307223-307232/frontend_react/public/assets-style-guide-image.js", "pattern": "/^  function showToast(message, kind) {$/", "language": "JavaScript", "kind": "function", "signature": "(message, kind)"}, {"_type": "tag", "name": "wireGenericCopy", "path": "/home/kavia/workspace/code-generation/sudoku-solver-pro-307223-307232/frontend_react/public/assets-style-guide-image.js", "pattern": "/^  function wireGenericCopy() {$/", "language": "JavaScript", "kind": "function", "signature": "()"}, {"_type": "tag", "name": "wireGridOverlay", "path": "/home/kavia/workspace/code-generation/sudoku-solver-pro-307223-307232/frontend_react/public/assets-style-guide-image.js", "pattern": "/^  function wireGridOverlay() {$/", "language": "JavaScript", "kind": "function", "signature": "()"}, {"_type": "tag", "name": "wireHeaderButtons", "path": "/home/kavia/workspace/code-generation/sudoku-solver-pro-307223-307232/frontend_react/public/assets-style-guide-image.js", "pattern": "/^  function wireHeaderButtons() {$/", "language": "JavaScript", "kind": "function", "signature": "()"}, {"_type": "tag", "name": "wireSwatchCopy", "path": "/home/kavia/workspace/code-generation/sudoku-solver-pro-307223-307232/frontend_react/public/assets-style-guide-image.js", "pattern": "/^  function wireSwatchCopy() {$/", "language": "JavaScript", "kind": "function", "signature": "()"}], "hash": "fd6d5283a7d0470a72771d0240acb89c", "format-version": 4, "code-base-name": "frontend_react", "filename": "frontend_react/public/assets-style-guide-image.js", "revision_history": [{"31": "a7ef14b941d82c734af4607f2e32ccdf57cbb793"}]}