{"is_source_file": true, "format": "JavaScript", "description": "This is a React application's entry point file (index.js), responsible for rendering the root component into the DOM.", "external_files": ["react", "react-dom/client", "./index.css", "./App"], "external_methods": ["ReactDOM.createRoot", "document.getElementById", "root.render"], "published": ["React", "ReactDOM", "root"], "classes": [], "methods": [{"name": "ReactDOM.createRoot", "description": "Creates a root for React rendering to a DOM element."}, {"name": "root.render", "description": "Renders React elements into the root."}], "calls": ["ReactDOM.createRoot", "document.getElementById", "root.render"], "search-terms": ["React", "ReactDOM", "index.js", "ReactDOM.createRoot", "render", "frontend_react"], "state": 2, "file_id": 11, "knowledge_revision": 24, "git_revision": "a12e9c218eea042b0a2fcd660aafd5e870f5e01b", "ctags": [{"_type": "tag", "name": "root", "path": "/home/kavia/workspace/code-generation/sudoku-solver-pro-307223-307232/frontend_react/src/index.js", "pattern": "/^const root = ReactDOM.createRoot(document.getElementById('root'));$/", "language": "JavaScript", "kind": "constant"}], "hash": "9fc5841375336fc175b49f8767a11383", "format-version": 4, "code-base-name": "frontend_react", "filename": "frontend_react/src/index.js", "revision_history": [{"24": "a12e9c218eea042b0a2fcd660aafd5e870f5e01b"}]}