{"is_source_file": false, "format": "", "description": "", "external_files": [], "external_methods": [], "published": [], "classes": [], "methods": [], "calls": [], "search-terms": [], "state": 2, "file_id": 3, "knowledge_revision": 18, "git_revision": "a12e9c218eea042b0a2fcd660aafd5e870f5e01b", "hash": "d9d975cebe2ec20b6c652e1e4c12ccf0", "format-version": 4, "code-base-name": "frontend_react", "filename": "frontend_react/public/manifest.json", "revision_history": [{"18": "a12e9c218eea042b0a2fcd660aafd5e870f5e01b"}]}