{"is_source_file": false, "format": "", "description": "", "external_files": [], "external_methods": [], "published": [], "classes": [], "methods": [], "calls": [], "search-terms": ["setupTests", "jest-dom", "testing-library", "jest matchers"], "state": 2, "file_id": 10, "knowledge_revision": 21, "git_revision": "a12e9c218eea042b0a2fcd660aafd5e870f5e01b", "ctags": [], "hash": "1a77571e1a8cf36018a41bcedf60db75", "format-version": 4, "code-base-name": "frontend_react", "filename": "frontend_react/src/setupTests.js", "revision_history": [{"21": "a12e9c218eea042b0a2fcd660aafd5e870f5e01b"}]}