{"is_source_file": false, "format": "", "description": "", "external_files": [], "external_methods": [], "published": [], "classes": [], "methods": [], "calls": [], "search-terms": [], "state": 2, "file_id": 8, "knowledge_revision": 16, "git_revision": "a12e9c218eea042b0a2fcd660aafd5e870f5e01b", "hash": "6c2104b8d219ed99234ae2d6329f4357", "format-version": 4, "code-base-name": "frontend_react", "filename": "frontend_react/src/index.css", "revision_history": [{"16": "a12e9c218eea042b0a2fcd660aafd5e870f5e01b"}]}