{"is_source_file": false, "format": "", "description": "", "external_files": [], "external_methods": [], "published": [], "classes": [], "methods": [], "calls": [], "search-terms": ["CSS variables", "theme management", "light theme", "dark theme", ".App", ".theme-toggle"], "state": 2, "file_id": 7, "knowledge_revision": 19, "git_revision": "a12e9c218eea042b0a2fcd660aafd5e870f5e01b", "hash": "22f9e17cc1848b56dbb244518ac2707e", "format-version": 4, "code-base-name": "frontend_react", "filename": "frontend_react/src/App.css", "revision_history": [{"19": "a12e9c218eea042b0a2fcd660aafd5e870f5e01b"}]}