{"is_source_file": false, "format": "", "description": "", "external_files": [], "external_methods": [], "published": [], "classes": [], "methods": [], "calls": [], "search-terms": [], "state": 2, "file_id": 1, "knowledge_revision": 17, "git_revision": "a12e9c218eea042b0a2fcd660aafd5e870f5e01b", "hash": "be6538e7523bc2e9da0743133d784136", "format-version": 4, "code-base-name": "frontend_react", "filename": "frontend_react/eslint.config.mjs", "revision_history": [{"17": "a12e9c218eea042b0a2fcd660aafd5e870f5e01b"}]}