{"is_source_file": true, "file_id": 15, "git_revision": "", "state": 3, "description": "", "external_files": [], "external_methods": [], "published": [], "classes": [], "methods": [], "calls": [], "search-terms": [], "ctags": [{"_type": "tag", "name": "copyToClipboard", "path": "/home/kavia/workspace/code-generation/sudoku-solver-pro-307223-307232/frontend_react/public/assets-style-guide-image.js", "pattern": "/^  async function copyToClipboard(text) {$/", "language": "JavaScript", "kind": "function", "signature": "(text)"}, {"_type": "tag", "name": "downloadJson", "path": "/home/kavia/workspace/code-generation/sudoku-solver-pro-307223-307232/frontend_react/public/assets-style-guide-image.js", "pattern": "/^  function downloadJson(filename, obj) {$/", "language": "JavaScript", "kind": "function", "signature": "(filename, obj)"}, {"_type": "tag", "name": "getCssVarsText", "path": "/home/kavia/workspace/code-generation/sudoku-solver-pro-307223-307232/frontend_react/public/assets-style-guide-image.js", "pattern": "/^  function getCssVarsText() {$/", "language": "JavaScript", "kind": "function", "signature": "()"}, {"_type": "tag", "name": "getTokens", "path": "/home/kavia/workspace/code-generation/sudoku-solver-pro-307223-307232/frontend_react/public/assets-style-guide-image.js", "pattern": "/^  function getTokens() {$/", "language": "JavaScript", "kind": "function", "signature": "()"}, {"_type": "tag", "name": "showToast", "path": "/home/kavia/workspace/code-generation/sudoku-solver-pro-307223-307232/frontend_react/public/assets-style-guide-image.js", "pattern": "/^  function showToast(message, kind) {$/", "language": "JavaScript", "kind": "function", "signature": "(message, kind)"}, {"_type": "tag", "name": "wireGenericCopy", "path": "/home/kavia/workspace/code-generation/sudoku-solver-pro-307223-307232/frontend_react/public/assets-style-guide-image.js", "pattern": "/^  function wireGenericCopy() {$/", "language": "JavaScript", "kind": "function", "signature": "()"}, {"_type": "tag", "name": "wireGridOverlay", "path": "/home/kavia/workspace/code-generation/sudoku-solver-pro-307223-307232/frontend_react/public/assets-style-guide-image.js", "pattern": "/^  function wireGridOverlay() {$/", "language": "JavaScript", "kind": "function", "signature": "()"}, {"_type": "tag", "name": "wireHeaderButtons", "path": "/home/kavia/workspace/code-generation/sudoku-solver-pro-307223-307232/frontend_react/public/assets-style-guide-image.js", "pattern": "/^  function wireHeaderButtons() {$/", "language": "JavaScript", "kind": "function", "signature": "()"}, {"_type": "tag", "name": "wireSwatchCopy", "path": "/home/kavia/workspace/code-generation/sudoku-solver-pro-307223-307232/frontend_react/public/assets-style-guide-image.js", "pattern": "/^  function wireSwatchCopy() {$/", "language": "JavaScript", "kind": "function", "signature": "()"}], "format": "JavaScript", "hash": "fd6d5283a7d0470a72771d0240acb89c", "format-version": 4, "code-base-name": "frontend_react", "filename": "frontend_react/public/assets-style-guide-image.js", "knowledge_revision": 28}