{"is_source_file": false, "format": "", "description": "", "external_files": [], "external_methods": [], "published": [], "classes": [], "methods": [], "calls": [], "search-terms": [], "state": 2, "file_id": 5, "knowledge_revision": 15, "git_revision": "a12e9c218eea042b0a2fcd660aafd5e870f5e01b", "hash": "d001d53c059625c4bcf75bf5a7f3fcf0", "format-version": 4, "code-base-name": "frontend_react", "filename": "frontend_react/package.json", "revision_history": [{"15": "a12e9c218eea042b0a2fcd660aafd5e870f5e01b"}]}